{
	"$schema": "https://schemas.wp.org/wp/6.5/theme.json",
	"customTemplates": [
		{
			"name": "custom-content-only",
			"postTypes": [
				"post",
				"page"
			],
			"title": "Content only"
		},
		{
			"name": "custom-no-intro",
			"postTypes": [
				"post",
				"page"
			],
			"title": "No intro"
		},
		{
			"name": "custom-with-sidebar",
			"postTypes": [
				"page",
				"post"
			],
			"title": "With sidebar"
		}
	],
	"settings": {
		"appearanceTools": true,
		"color": {
			"duotone": [
				{
					"colors": [
						"#000000",
						"#ffffff"
					],
					"name": "Black",
					"slug": "black"
				},
				{
					"colors": [
						"#ffffff",
						"#000000"
					],
					"name": "White",
					"slug": "white"
				},
				{
					"colors": [
						"#2a2a2a",
						"#eeeeee"
					],
					"name": "Gray",
					"slug": "gray"
				},
				{
					"colors": [
						"#5f1a37",
						"#eeeeee"
					],
					"name": "Primary",
					"slug": "primary"
				},
				{
					"colors": [
						"#ff6b6b",
						"#eeeeee"
					],
					"name": "Secondary",
					"slug": "secondary"
				},
				{
					"colors": [
						"#fd1a2c",
						"#ffe3e5"
					],
					"name": "Red",
					"slug": "red"
				},
				{
					"colors": [
						"#771c08",
						"#fad5cf"
					],
					"name": "Brown",
					"slug": "brown"
				},
				{
					"colors": [
						"#b78c00",
						"#fffcf4"
					],
					"name": "Yellow",
					"slug": "yellow"
				},
				{
					"colors": [
						"#196a50",
						"#eafaf5"
					],
					"name": "Green",
					"slug": "green"
				},
				{
					"colors": [
						"#5544ff",
						"#e4e1ff"
					],
					"name": "Blue",
					"slug": "blue"
				},
				{
					"colors": [
						"#8923cc",
						"#f9e1fa"
					],
					"name": "Purple",
					"slug": "purple"
				},
				{
					"colors": [
						"#00007e",
						"#6aff7e"
					],
					"name": "Punchy",
					"slug": "punchy"
				}
			],
			"gradients": [
				{
					"gradient": "linear-gradient( to right, var(--wp--preset--color--primary) var(--theme--css--gradient-stop--hard), transparent var(--theme--css--gradient-stop--hard) )",
					"name": "Primary cut to transparent, horizontally",
					"slug": "primary-cut-transparent-h"
				},
				{
					"gradient": "linear-gradient( to left, var(--wp--preset--color--primary) var(--theme--css--gradient-stop--hard), transparent var(--theme--css--gradient-stop--hard) )",
					"name": "Transparent cut to primary, horizontally",
					"slug": "transparent-cut-primary-h"
				},
				{
					"gradient": "linear-gradient( to right, var(--wp--preset--color--primary-mixed) var(--theme--css--gradient-stop--hard), transparent var(--theme--css--gradient-stop--hard) )",
					"name": "Primary mixed cut to transparent, horizontally",
					"slug": "primary-mixed-cut-transparent-h"
				},
				{
					"gradient": "linear-gradient( to left, var(--wp--preset--color--primary-mixed) var(--theme--css--gradient-stop--hard), transparent var(--theme--css--gradient-stop--hard) )",
					"name": "Transparent cut to primary mixed, horizontally",
					"slug": "transparent-cut-primary-mixed-h"
				},
				{
					"gradient": "linear-gradient( to bottom, var(--wp--preset--color--primary) var(--theme--css--gradient-stop--hard), transparent var(--theme--css--gradient-stop--hard) )",
					"name": "Primary cut to transparent, vertically",
					"slug": "primary-cut-transparent-v"
				},
				{
					"gradient": "linear-gradient( to top, var(--wp--preset--color--primary) var(--theme--css--gradient-stop--hard), transparent var(--theme--css--gradient-stop--hard) )",
					"name": "Transparent cut to primary, vertically",
					"slug": "transparent-cut-primary-v"
				},
				{
					"gradient": "linear-gradient( to bottom, var(--wp--preset--color--primary-mixed) var(--theme--css--gradient-stop--hard), transparent var(--theme--css--gradient-stop--hard) )",
					"name": "Primary mixed cut to transparent, vertically",
					"slug": "primary-mixed-cut-transparent-v"
				},
				{
					"gradient": "linear-gradient( to top, var(--wp--preset--color--primary-mixed) var(--theme--css--gradient-stop--hard), transparent var(--theme--css--gradient-stop--hard) )",
					"name": "Transparent cut to primary mixed, vertically",
					"slug": "transparent-cut-primary-mixed-v"
				},
				{
					"gradient": "linear-gradient( to right, var(--wp--preset--color--secondary) var(--theme--css--gradient-stop--hard), transparent var(--theme--css--gradient-stop--hard) )",
					"name": "Secondary cut to transparent, horizontally",
					"slug": "secondary-cut-transparent-h"
				},
				{
					"gradient": "linear-gradient( to left, var(--wp--preset--color--secondary) var(--theme--css--gradient-stop--hard), transparent var(--theme--css--gradient-stop--hard) )",
					"name": "Transparent cut to secondary, horizontally",
					"slug": "transparent-cut-secondary-h"
				},
				{
					"gradient": "linear-gradient( to right, var(--wp--preset--color--secondary-mixed) var(--theme--css--gradient-stop--hard), transparent var(--theme--css--gradient-stop--hard) )",
					"name": "Secondary mixed cut to transparent, horizontally",
					"slug": "secondary-mixed-cut-transparent-h"
				},
				{
					"gradient": "linear-gradient( to left, var(--wp--preset--color--secondary-mixed) var(--theme--css--gradient-stop--hard), transparent var(--theme--css--gradient-stop--hard) )",
					"name": "Transparent cut to secondary mixed, horizontally",
					"slug": "transparent-cut-secondary-mixed-h"
				},
				{
					"gradient": "linear-gradient( to bottom, var(--wp--preset--color--secondary) var(--theme--css--gradient-stop--hard), transparent var(--theme--css--gradient-stop--hard) )",
					"name": "Secondary cut to transparent, vertically",
					"slug": "secondary-cut-transparent-v"
				},
				{
					"gradient": "linear-gradient( to top, var(--wp--preset--color--secondary) var(--theme--css--gradient-stop--hard), transparent var(--theme--css--gradient-stop--hard) )",
					"name": "Transparent cut to secondary, vertically",
					"slug": "transparent-cut-secondary-v"
				},
				{
					"gradient": "linear-gradient( to bottom, var(--wp--preset--color--secondary-mixed) var(--theme--css--gradient-stop--hard), transparent var(--theme--css--gradient-stop--hard) )",
					"name": "Secondary mixed cut to transparent, vertically",
					"slug": "secondary-mixed-cut-transparent-v"
				},
				{
					"gradient": "linear-gradient( to top, var(--wp--preset--color--secondary-mixed) var(--theme--css--gradient-stop--hard), transparent var(--theme--css--gradient-stop--hard) )",
					"name": "Transparent cut to secondary mixed, vertically",
					"slug": "transparent-cut-secondary-mixed-v"
				},
				{
					"gradient": "linear-gradient( to right, var(--wp--preset--color--base) var(--theme--css--gradient-stop--hard), transparent var(--theme--css--gradient-stop--hard) )",
					"name": "Base cut to transparent, vertically",
					"slug": "base-cut-transparent-h"
				},
				{
					"gradient": "linear-gradient( to left, var(--wp--preset--color--base) var(--theme--css--gradient-stop--hard), transparent var(--theme--css--gradient-stop--hard) )",
					"name": "Transparent cut to base, vertically",
					"slug": "transparent-cut-base-h"
				},
				{
					"gradient": "linear-gradient( to bottom, var(--wp--preset--color--base) var(--theme--css--gradient-stop--hard), transparent var(--theme--css--gradient-stop--hard) )",
					"name": "Base cut to transparent, vertically",
					"slug": "base-cut-transparent-v"
				},
				{
					"gradient": "linear-gradient( to top, var(--wp--preset--color--base) var(--theme--css--gradient-stop--hard), transparent var(--theme--css--gradient-stop--hard) )",
					"name": "Transparent cut to base, vertically",
					"slug": "transparent-cut-base-v"
				},
				{
					"gradient": "linear-gradient( to right, var(--wp--preset--color--base-alt) var(--theme--css--gradient-stop--hard), transparent var(--theme--css--gradient-stop--hard) )",
					"name": "Base alternative cut to transparent, vertically",
					"slug": "base-alt-cut-transparent-h"
				},
				{
					"gradient": "linear-gradient( to left, var(--wp--preset--color--base-alt) var(--theme--css--gradient-stop--hard), transparent var(--theme--css--gradient-stop--hard) )",
					"name": "Transparent cut to base alternative, vertically",
					"slug": "transparent-cut-base-alt-h"
				},
				{
					"gradient": "linear-gradient( to bottom, var(--wp--preset--color--base-alt) var(--theme--css--gradient-stop--hard), transparent var(--theme--css--gradient-stop--hard) )",
					"name": "Base alternative cut to transparent, vertically",
					"slug": "base-alt-cut-transparent-v"
				},
				{
					"gradient": "linear-gradient( to top, var(--wp--preset--color--base-alt) var(--theme--css--gradient-stop--hard), transparent var(--theme--css--gradient-stop--hard) )",
					"name": "Transparent cut to base alternative, vertically",
					"slug": "transparent-cut-base-alt-v"
				},
				{
					"gradient": "linear-gradient( to right, var(--wp--preset--color--contrast) var(--theme--css--gradient-stop--hard), transparent var(--theme--css--gradient-stop--hard) )",
					"name": "Contrast cut to transparent, vertically",
					"slug": "contrast-cut-transparent-h"
				},
				{
					"gradient": "linear-gradient( to left, var(--wp--preset--color--contrast) var(--theme--css--gradient-stop--hard), transparent var(--theme--css--gradient-stop--hard) )",
					"name": "Transparent cut to contrast, vertically",
					"slug": "transparent-cut-contrast-h"
				},
				{
					"gradient": "linear-gradient( to bottom, var(--wp--preset--color--contrast) var(--theme--css--gradient-stop--hard), transparent var(--theme--css--gradient-stop--hard) )",
					"name": "Contrast cut to transparent, vertically",
					"slug": "contrast-cut-transparent-v"
				},
				{
					"gradient": "linear-gradient( to top, var(--wp--preset--color--contrast) var(--theme--css--gradient-stop--hard), transparent var(--theme--css--gradient-stop--hard) )",
					"name": "Transparent cut to contrast, vertically",
					"slug": "transparent-cut-contrast-v"
				},
				{
					"gradient": "linear-gradient( to right, var(--wp--preset--color--contrast-alt) var(--theme--css--gradient-stop--hard), transparent var(--theme--css--gradient-stop--hard) )",
					"name": "Contrast alternative cut to transparent, vertically",
					"slug": "contrast-alt-cut-transparent-h"
				},
				{
					"gradient": "linear-gradient( to left, var(--wp--preset--color--contrast-alt) var(--theme--css--gradient-stop--hard), transparent var(--theme--css--gradient-stop--hard) )",
					"name": "Transparent cut to contrast alternative, vertically",
					"slug": "transparent-cut-contrast-alt-h"
				},
				{
					"gradient": "linear-gradient( to bottom, var(--wp--preset--color--contrast-alt) var(--theme--css--gradient-stop--hard), transparent var(--theme--css--gradient-stop--hard) )",
					"name": "Contrast alternative cut to transparent, vertically",
					"slug": "contrast-alt-cut-transparent-v"
				},
				{
					"gradient": "linear-gradient( to top, var(--wp--preset--color--contrast-alt) var(--theme--css--gradient-stop--hard), transparent var(--theme--css--gradient-stop--hard) )",
					"name": "Transparent cut to contrast alternative, vertically",
					"slug": "transparent-cut-contrast-alt-v"
				},
				{
					"gradient": "linear-gradient( to bottom, var(--wp--preset--color--base) var(--theme--css--gradient-stop--soft), transparent )",
					"name": "Base to transparent, vertically",
					"slug": "base-to-transparent-v"
				},
				{
					"gradient": "linear-gradient( to top, var(--wp--preset--color--base) var(--theme--css--gradient-stop--soft), transparent )",
					"name": "Transparent to base, vertically",
					"slug": "transparent-to-base-v"
				},
				{
					"gradient": "linear-gradient( to bottom, var(--wp--preset--color--base-alt) var(--theme--css--gradient-stop--soft), transparent )",
					"name": "Base alternative to transparent, vertically",
					"slug": "base-alt-to-transparent-v"
				},
				{
					"gradient": "linear-gradient( to top, var(--wp--preset--color--base-alt) var(--theme--css--gradient-stop--soft), transparent )",
					"name": "Transparent to base alternative, vertically",
					"slug": "transparent-to-base-alt-v"
				},
				{
					"gradient": "linear-gradient( to bottom, var(--wp--preset--color--contrast) var(--theme--css--gradient-stop--soft), transparent )",
					"name": "Contrast to transparent, vertically",
					"slug": "contrast-to-transparent-v"
				},
				{
					"gradient": "linear-gradient( to top, var(--wp--preset--color--contrast) var(--theme--css--gradient-stop--soft), transparent )",
					"name": "Transparent to contrast, vertically",
					"slug": "transparent-to-contrast-v"
				},
				{
					"gradient": "linear-gradient( to bottom, var(--wp--preset--color--contrast-alt) var(--theme--css--gradient-stop--soft), transparent )",
					"name": "Contrast alternative to transparent, vertically",
					"slug": "contrast-alt-to-transparent-v"
				},
				{
					"gradient": "linear-gradient( to top, var(--wp--preset--color--contrast-alt) var(--theme--css--gradient-stop--soft), transparent )",
					"name": "Transparent to contrast alternative, vertically",
					"slug": "transparent-to-contrast-alt-v"
				},
				{
					"gradient": "linear-gradient( to bottom, var(--wp--preset--color--primary) var(--theme--css--gradient-stop--soft), transparent )",
					"name": "Primary to transparent, vertically",
					"slug": "primary-to-transparent-v"
				},
				{
					"gradient": "linear-gradient( to top, var(--wp--preset--color--primary) var(--theme--css--gradient-stop--soft), transparent )",
					"name": "Transparent to primary, vertically",
					"slug": "transparent-to-primary-v"
				},
				{
					"gradient": "linear-gradient( to bottom, var(--wp--preset--color--primary-mixed) var(--theme--css--gradient-stop--soft), transparent )",
					"name": "Primary mixed to transparent, vertically",
					"slug": "primary-mixed-to-transparent-v"
				},
				{
					"gradient": "linear-gradient( to top, var(--wp--preset--color--primary-mixed) var(--theme--css--gradient-stop--soft), transparent )",
					"name": "Transparent to primary mixed, vertically",
					"slug": "transparent-to-primary-mixed-v"
				},
				{
					"gradient": "linear-gradient( to bottom, var(--wp--preset--color--secondary) var(--theme--css--gradient-stop--soft), transparent )",
					"name": "Secondary to transparent, vertically",
					"slug": "secondary-to-transparent-v"
				},
				{
					"gradient": "linear-gradient( to top, var(--wp--preset--color--secondary) var(--theme--css--gradient-stop--soft), transparent )",
					"name": "Transparent to secondary, vertically",
					"slug": "transparent-to-secondary-v"
				},
				{
					"gradient": "linear-gradient( to bottom, var(--wp--preset--color--secondary-mixed) var(--theme--css--gradient-stop--soft), transparent )",
					"name": "Secondary mixed to transparent, vertically",
					"slug": "secondary-mixed-to-transparent-v"
				},
				{
					"gradient": "linear-gradient( to top, var(--wp--preset--color--secondary-mixed) var(--theme--css--gradient-stop--soft), transparent )",
					"name": "Transparent to secondary mixed, vertically",
					"slug": "transparent-to-secondary-mixed-v"
				},
				{
					"gradient": "linear-gradient( rgba(17,17,17,var(--wp--custom--opacity--semitransparent)), rgba(17,17,17,var(--wp--custom--opacity--semitransparent)) )",
					"name": "For backdrop blur, dark",
					"slug": "backdrop-blur-dark"
				},
				{
					"gradient": "linear-gradient( rgba(238,238,238,var(--wp--custom--opacity--semitransparent)), rgba(238,238,238,var(--wp--custom--opacity--semitransparent)) )",
					"name": "For backdrop blur, light",
					"slug": "backdrop-blur-light"
				},
				{
					"gradient": "linear-gradient( var(--wp--preset--color--primary-semitransparent), var(--wp--preset--color--primary-semitransparent) )",
					"name": "For backdrop blur, primary",
					"slug": "backdrop-blur-primary"
				}
			],
			"palette": [
				{
					"color": "var(--theme--mod--color_base)",
					"name": "Base",
					"slug": "base"
				},
				{
					"color": "var(--theme--mod--color_base_alt)",
					"name": "Base alternative",
					"slug": "base-alt"
				},
				{
					"color": "var(--theme--mod--color_contrast)",
					"name": "Contrast",
					"slug": "contrast"
				},
				{
					"color": "var(--theme--mod--color_contrast_alt)",
					"name": "Contrast alternative",
					"slug": "contrast-alt"
				},
				{
					"color": "var(--theme--mod--color_primary)",
					"name": "Primary",
					"slug": "primary"
				},
				{
					"color": "var(--theme--mod--color_primary_mixed)",
					"name": "Primary mixed",
					"slug": "primary-mixed"
				},
				{
					"color": "var(--theme--mod--color_secondary)",
					"name": "Secondary",
					"slug": "secondary"
				},
				{
					"color": "var(--theme--mod--color_secondary_mixed)",
					"name": "Secondary mixed",
					"slug": "secondary-mixed"
				},
				{
					"color": "var(--theme--mod--color_black)",
					"name": "Black",
					"slug": "black"
				},
				{
					"color": "var(--theme--mod--color_white)",
					"name": "White",
					"slug": "white"
				}
			]
		},
		"custom": {
			"border-radius": {
				"button": "var(--wp--custom--border-radius--s)",
				"details": "var(--wp--custom--border-radius--s)",
				"form-field": "var(--wp--custom--border-radius--s)",
				"image": "var(--wp--custom--border-radius--s)",
				"l": "1.62rem",
				"m": "1rem",
				"s": ".38rem",
				"sub-menu": "var(--wp--custom--border-radius--s)"
			},
			"details": {
				"border": {
					"color": "currentColor",
					"style": "solid",
					"width": "2px"
				},
				"color": {
					"background": "transparent",
					"text": "currentColor"
				},
				"gap": "var(--wp--preset--spacing--s)",
				"padding": {
					"bottom": "var(--wp--preset--spacing--s)",
					"left": "var(--wp--preset--spacing--m)",
					"right": "var(--wp--preset--spacing--m)",
					"top": "var(--wp--preset--spacing--s)"
				}
			},
			"filter": {
				"blur": {
					"backdrop": ".618rem",
					"backdrop-alt": ".382rem",
					"image": "1.618rem",
					"video": "1rem"
				}
			},
			"font-family": {
				"button": "var(--wp--preset--font-family--global)",
				"quote-decoration": "Georgia, serif"
			},
			"font-size": {
				"button": "var(--wp--preset--font-size--s)",
				"quote-decoration": "3em"
			},
			"hr": {
				"height": "1px",
				"shape": {
					"height": "48px",
					"width": "48px"
				},
				"width": "100%"
			},
			"letter-spacing": "0",
			"line-height": {
				"quote": "1.382"
			},
			"mark": {
				"color": "currentColor",
				"opacity": ".2",
				"padding": "0 .1em",
				"padding-bg": ".1em .25em"
			},
			"opacity": {
				"border": ".33",
				"pseudo-bg": ".05",
				"semitransparent": ".5"
			},
			"outline": {
				"color": "currentColor",
				"offset": "3px",
				"style": "dashed",
				"width": "2px"
			},
			"pull": {
				"l": "calc( -1 * var(--wp--preset--spacing--content) )",
				"m": "calc( -.75 * var(--wp--preset--spacing--content) )",
				"s": "calc( -.5 * var(--wp--preset--spacing--content) )"
			},
			"shadow": {
				"button": {
					"color": "var(--theme--css--current-border-color)",
					"size": ".125em"
				},
				"sub-menu": "var(--wp--preset--shadow--m)"
			},
			"spacing": {
				"gap": {
					"media-text": {
						"l": "clamp( 1rem, 1rem + 100vw / ( 1600 / ( 2 * 16 ) ), 3 * 1rem )",
						"m": "clamp( 1rem, 1rem + 100vw / ( 1600 / ( 1 * 16 ) ), 2 * 1rem )"
					}
				},
				"has-background": {
					"bottom": "var(--wp--preset--spacing--m)",
					"left": "var(--wp--preset--spacing--m)",
					"right": "var(--wp--preset--spacing--m)",
					"top": "var(--wp--preset--spacing--m)"
				},
				"heading": "var(--wp--preset--spacing--xl)",
				"input-vertical": ".5em",
				"menu-mobile": {
					"bottom": {
						"l": "max( 4em, 50vh )",
						"m": "max( 2em, 15vh )"
					},
					"top": {
						"l": "max( 4em, 50vh )",
						"m": "max( 2em, 15vh )"
					}
				}
			},
			"toggle": {
				"content-space": "1"
			},
			"underline": {
				"offset": {
					"default": ".25em",
					"heading": ".15em"
				},
				"thickness": "1px"
			}
		},
		"layout": {
			"contentSize": "var(--theme--mod--layout_width_content)",
			"wideSize": "var(--theme--mod--layout_width_wide)"
		},
		"shadow": {
			"defaultPresets": true,
			"presets": [
				{
					"name": "Small",
					"shadow": "0 .15em .5em rgba(0,0,0,.1)",
					"slug": "s"
				},
				{
					"name": "Medium",
					"shadow": "0 .25em 1em rgba(0,0,0,.15)",
					"slug": "m"
				},
				{
					"name": "Large",
					"shadow": "0 .5em 2em rgba(0,0,0,.2)",
					"slug": "l"
				}
			]
		},
		"spacing": {
			"spacingSizes": [
				{
					"name": "X Small",
					"size": ".5rem",
					"slug": "xs"
				},
				{
					"name": "Small",
					"size": "clamp( .5rem, .5rem + 100vw / ( 1280 / ( .5 * 16 ) ), 2 * .5rem )",
					"slug": "s"
				},
				{
					"name": "Medium",
					"size": "clamp( 1rem, 1rem + 100vw / ( 1280 / ( 1 * 16 ) ), 2 * 1rem )",
					"slug": "m"
				},
				{
					"name": "Large",
					"size": "clamp( 1.5rem, 1.5rem + 100vw / ( 1280 / ( 1.5 * 16 ) ), 2 * 1.5rem )",
					"slug": "l"
				},
				{
					"name": "X Large",
					"size": "clamp( 2rem, 2rem + 100vw / ( 1280 / ( 2 * 16 ) ), 2 * 2rem )",
					"slug": "xl"
				},
				{
					"name": "2X Large",
					"size": "clamp( 2.5rem, 2.5rem + 100vw / ( 1280 / ( 2.5 * 16 ) ), 2 * 2.5rem )",
					"slug": "xxl"
				},
				{
					"name": "Content padding",
					"size": "clamp( 50px, 50px + ( ( 100 - 50 ) * ( 100vw - var(--theme--css--vw-s) * 1px ) / ( var(--theme--css--vw-l) - var(--theme--css--vw-s) ) ), 100px )",
					"slug": "content"
				}
			],
			"units": [
				"%",
				"em",
				"rem",
				"px",
				"vh",
				"vw",
				"vmin",
				"vmax"
			]
		},
		"typography": {
			"fontFamilies": [
				{
					"fontFamily": "var(--theme--mod--typography_font_family_global)",
					"name": "Main",
					"slug": "global"
				},
				{
					"fontFamily": "var(--theme--mod--typography_font_family_supplemental)",
					"name": "Heading",
					"slug": "supplemental"
				},
				{
					"fontFamily": "var(--theme--mod--typography_font_family_alternative)",
					"name": "Alternative",
					"slug": "alternative"
				},
				{
					"fontFamily": "ui-monospace, monospace",
					"name": "Monospace",
					"slug": "monospace"
				}
			],
			"fontSizes": [
				{
					"name": "X Small",
					"size": ".8125em",
					"slug": "xs"
				},
				{
					"name": "Small",
					"size": ".875em",
					"slug": "s"
				},
				{
					"name": "Medium",
					"size": "1em",
					"slug": "m"
				},
				{
					"name": "Large",
					"size": "calc( 1em * var(--theme--css--modular-scale) )",
					"slug": "l"
				},
				{
					"name": "X Large",
					"size": "calc( 1em * var(--theme--css--modular-scale--pow_2) )",
					"slug": "xl"
				},
				{
					"name": "2X Large",
					"size": "calc( 1em * var(--theme--css--modular-scale--pow_3) )",
					"slug": "xxl"
				},
				{
					"name": "3X Large",
					"size": "calc( 1em * var(--theme--css--modular-scale--pow_4) )",
					"slug": "xxxl"
				},
				{
					"name": "Big",
					"size": "clamp( 2rem, 5.1vw, 4rem )",
					"slug": "big"
				},
				{
					"name": "Giant",
					"size": "clamp( 2.5rem, 6.4vw, 5rem )",
					"slug": "giant"
				},
				{
					"name": "Mega",
					"size": "clamp( 3rem, 7.7vw, 6rem )",
					"slug": "mega"
				},
				{
					"name": "Heading 1",
					"size": "var(--theme--css--font-size-h1)",
					"slug": "h-1"
				},
				{
					"name": "Heading 2",
					"size": "var(--theme--css--font-size-h2)",
					"slug": "h-2"
				},
				{
					"name": "Heading 3",
					"size": "var(--theme--css--font-size-h3)",
					"slug": "h-3"
				},
				{
					"name": "Heading 4",
					"size": "var(--theme--css--font-size-h4)",
					"slug": "h-4"
				}
			],
			"writingMode": true
		},
		"useRootPaddingAwareAlignments": true
	},
	"styles": {
		"blocks": {
			"core/avatar": {
				"border": {
					"radius": "var(--wp--custom--border-radius--s)"
				}
			},
			"core/code": {
				"border": {
					"radius": "var(--wp--custom--border-radius--s)"
				}
			},
			"core/cover": {
				"spacing": {
					"padding": "var(--wp--preset--spacing--l)"
				}
			},
			"core/details": {
				"spacing": {
					"blockGap": "var(--wp--custom--details--gap)"
				}
			},
			"core/file": {
				"border": {
					"radius": "var(--wp--custom--border-radius--s)"
				}
			},
			"core/image": {
				"border": {
					"radius": "var(--wp--custom--border-radius--s)"
				},
				"variations": {
					"rounded": {
						"border": {
							"radius": "20rem"
						}
					}
				}
			},
			"core/navigation-submenu": {
				"typography": {
					"fontSize": "1em"
				}
			},
			"core/post-featured-image": {
				"border": {
					"radius": "var(--wp--custom--border-radius--s)"
				}
			},
			"core/post-navigation-link": {
				"typography": {
					"fontFamily": "var(--wp--preset--font-family--supplemental)",
					"fontWeight": "500",
					"lineHeight": "1.2"
				}
			},
			"core/pullquote": {
				"border": {
					"color": "currentColor",
					"style": "solid",
					"width": ".382rem 0 0 0"
				},
				"spacing": {
					"padding": {
						"bottom": "0",
						"left": "0",
						"right": "0",
						"top": "1.618rem"
					}
				},
				"typography": {
					"fontSize": "var(--wp--preset--font-size--l)"
				}
			},
			"core/search": {
				"border": {
					"color": "currentColor"
				}
			},
			"core/site-tagline": {
				"typography": {
					"lineHeight": "1.2"
				}
			},
			"core/site-title": {
				"color": {
					"text": "var(--wp--preset--color--primary)"
				},
				"elements": {
					"link": {
						"typography": {
							"textDecoration": "none"
						}
					}
				},
				"typography": {
					"fontFamily": "var(--wp--preset--font-family--supplemental)",
					"fontSize": "var(--wp--preset--font-size--h-1)",
					"fontWeight": "700",
					"lineHeight": "1"
				}
			}
		},
		"border": {
			"color": "var(--wp--preset--color--contrast--border)"
		},
		"color": {
			"background": "var(--wp--preset--color--base)",
			"text": "var(--wp--preset--color--contrast)"
		},
		"elements": {
			"cite": {
				"typography": {
					"fontFamily": "var(--wp--preset--font-family--global)",
					"fontSize": "var(--wp--preset--font-size--xs)",
					"fontStyle": "normal"
				}
			},
			"h1": {
				"typography": {
					"fontSize": "var(--theme--css--font-size-h1)",
					"lineHeight": "calc( 1 + .382 / var(--theme--css--modular-scale--pow_4) / var(--theme--css--desktop-multiply,1) )"
				}
			},
			"h2": {
				"typography": {
					"fontSize": "var(--theme--css--font-size-h2)",
					"lineHeight": "calc( 1 + .382 / var(--theme--css--modular-scale--pow_3) / var(--theme--css--desktop-multiply,1) )"
				}
			},
			"h3": {
				"typography": {
					"fontSize": "var(--theme--css--font-size-h3)",
					"lineHeight": "calc( 1 + .382 / var(--theme--css--modular-scale--pow_2) / var(--theme--css--desktop-multiply,1) )"
				}
			},
			"h4": {
				"typography": {
					"fontSize": "var(--theme--css--font-size-h4)",
					"lineHeight": "calc( 1 + .382 / var(--theme--css--modular-scale) / var(--theme--css--desktop-multiply,1) )"
				}
			},
			"h5": {
				"typography": {
					"fontSize": "var(--theme--css--font-size-h5)",
					"fontWeight": "400",
					"letterSpacing": "var(--wp--custom--letter-spacing)",
					"lineHeight": "1.382",
					"textTransform": "uppercase"
				}
			},
			"h6": {
				"typography": {
					"fontSize": "var(--theme--css--font-size-h6)",
					"fontWeight": "400",
					"letterSpacing": "var(--wp--custom--letter-spacing)",
					"lineHeight": "1.382",
					"textTransform": "uppercase"
				}
			},
			"heading": {
				"color": {
					"text": "var(--wp--preset--color--contrast-alt)"
				},
				"typography": {
					"fontFamily": "var(--wp--preset--font-family--supplemental)",
					"fontWeight": "700",
					"textTransform": "lowercase"
				}
			},
			"link": {
				":active": {
					"typography": {
						"textDecoration": "none"
					}
				},
				":focus": {
					"typography": {
						"textDecoration": "none"
					}
				},
				":hover": {
					"typography": {
						"textDecoration": "underline dashed"
					}
				},
				"color": {
					"text": "var(--wp--preset--color--primary)"
				},
				"typography": {
					"textDecoration": "underline"
				}
			}
		},
		"spacing": {
			"blockGap": "1.62rem",
			"padding": {
				"bottom": "0",
				"left": "4vw",
				"right": "4vw",
				"top": "0"
			}
		},
		"typography": {
			"fontFamily": "var(--wp--preset--font-family--global)",
			"letterSpacing": "-.02em",
			"lineHeight": "1.618"
		}
	},
	"templateParts": [
		{
			"area": "zooey/comments",
			"name": "comments",
			"title": "Comments"
		},
		{
			"area": "zooey/content",
			"name": "content-404",
			"title": "Content: Error 404 page"
		},
		{
			"area": "zooey/content",
			"name": "content-with-sidebar",
			"title": "Content: With sidebar"
		},
		{
			"area": "zooey/meta",
			"name": "entry-meta-bottom",
			"title": "Post meta: After post content"
		},
		{
			"area": "zooey/menu",
			"name": "entry-navigation",
			"title": "Next/previous post navigation"
		},
		{
			"area": "zooey/query",
			"name": "entry-query",
			"title": "Posts list item"
		},
		{
			"area": "zooey/query",
			"name": "entry-query-featured",
			"title": "Posts list item: Featured"
		},
		{
			"area": "footer",
			"name": "footer",
			"title": "Footer"
		},
		{
			"area": "header",
			"name": "header",
			"title": "Header"
		},
		{
			"area": "header",
			"name": "intro",
			"title": "Intro (Page header)"
		},
		{
			"area": "header",
			"name": "intro-post",
			"title": "Intro: Post"
		},
		{
			"area": "header",
			"name": "intro-blog",
			"title": "Intro: Blog page"
		},
		{
			"area": "header",
			"name": "intro-archive",
			"title": "Intro: Archive Page"
		},
		{
			"area": "header",
			"name": "intro-search",
			"title": "Intro: Search results page"
		},
		{
			"area": "zooey/query",
			"name": "query",
			"title": "Posts list"
		},
		{
			"area": "zooey/query",
			"name": "query-featured",
			"title": "Posts list: Featured posts"
		},
		{
			"area": "zooey/query",
			"name": "query-search",
			"title": "Posts list: Search results"
		},
		{
			"area": "zooey/query",
			"name": "query-with-sidebar",
			"title": "Posts list: With sidebar"
		},
		{
			"area": "zooey/sidebar",
			"name": "sidebar",
			"title": "Sidebar"
		},
		{
			"area": "zooey/query",
			"name": "taxonomy-category-select",
			"title": "Taxonomy: Category selector"
		},
		{
			"area": "uncategorized",
			"name": "custom-header-top",
			"title": "Media: Custom header image"
		},
		{
			"area": "uncategorized",
			"name": "custom-header-bottom",
			"title": "Media: Custom header image (flipped vertically)"
		},
		{
			"area": "zooey/template",
			"name": "template-archive",
			"title": "Template content: Archive"
		},
		{
			"area": "zooey/template",
			"name": "template-home",
			"title": "Template content: Blog"
		},
		{
			"area": "zooey/template",
			"name": "template-index",
			"title": "Template content: Index"
		},
		{
			"area": "zooey/template",
			"name": "template-search",
			"title": "Template content: Search results"
		}
	],
	"version": 2
}